date,year,stage,stage_type,stage_type_code,dist,finish,Y.Hutarovich,R.Maikin,M.Mori,G.Boivin,M.Haller,N.Maes,B.Vallee,S.Lander,D.Formolo,E.Gasparotto,G.Stepniak,G.Brambilla,C.Meier,T.Bos,T.Kritskiy,D.Nerz,A.Amador,P.Poljanski,A.Vuillermoz,B.Matysiak,G.Caruso,A.Tulik,P.Niemiec,R.Majka,O.Zaugg,M.Rutkiewicz,P.Martens,P.Weening,W.Barguil,D.Cunego,K.De Weert,T.Marczynski,R.Sinkeldam,A.Ovechkin,M.Paterski,P.Velits,M.Velits,I.Izagirre,S.Henao,C.Jose Sarmiento,R.Gesink,M.Bouet,M.Monfort,D.Caruso,J.Van Genechten,G.Preidler,B.Markus,S.Morabito,D.Rebellin,P.Cieslik,S.Firsanov,S.Sánchez,R.Ferrari,B.Silva Pires,E.Petrov,E.Capecchi,G.Bagdonas,S.Szmyd,V.Breen,R.Hesjedal,B.Warchol,R.Kreder,P.Franczak,M.Cattaneo,B.Samoilau,B.Intxausti,D.Villella,S.Pauwels,R.Sutherland,P.Deignan,C.Riblon,K.Zielinski,J.Fröhlinger,K.Vandewalle,A.Geniez,K.Dabkowski,M.Krizek,M.Mederel,P.Vakoc,P.Kasperkiewicz,M.Taciak,I.Zakarin,C.Kern,P.Ligthart,W.Poels,G.Bernaudeau,E.Boasson Hagen,F.Felline,B.De Clercq,N.Sørensen,S.Cummings,P.Bernas,E.Vorganov,G.Izagirre,T.Ludvigsson,S.Lagutin,J.Engoulvent,I.Santaromita,I.Balykin,S.Modolo,L.Petter Nordhaug,B.Jungels,D.Cataldo,A.Zeits,L.Warbasse,A.Malori,M.Fischer,T.De Gendt,M.Belkov,B.Lancaster,S.Bewley,A.Vorobyev,A.Solomennikov,L.Mezgec,H.Houle,M.Bono,N.Arndt,M.Docker,B.Thurau,Y.Popovych,A.Rybakov,S.von Hoff,G.Bonnafond,D.Boucher,K.Sivtsov,S.Puccio,S.Chernetski,D.Tanner,T.Hushovd,J.Hernández,J.Arredondo,M.Moser,P.Lecuisinier,F.Gavazzi,J.Guarnieri,T.Farrar,C.Meyer,M.Matthews,L.Mangel,R.Flens,K.Gradek,F.Beppu,D.Appollonio,J.Jose Lobato Del Valle,A.Kamyshev,P.Ignatenko,J.Cousin,P.Tiralongo,F.Aru,C.Fairly,F.Silvestre,K.Dehaes,J.Le Bon,J.Veikkanen,D.Malacarne,O.Gatto,B.Swift,S.Chavanel,L.Norman Hansen,K.Fernandez,J.Edmondson,N.Brown,J.Bobridge,T.Hupond,J.Brajkovic,N.Bonifazio,M.Kittel,C.Ewan,D.Van Winden,S.Turgot,K.Boeckmans,A.Guardini,L.Manzin,M.Kwiatkowski,S.Erik Bystrøm,G.Nizzolo,R.Kiserlovski,M.Burghardt,T.Van Asbroeck,A.Lutsenko,I.Rovny,B.Hermans,V.Reynès,B.Lindeman,M.Coledan,J.Sütterlin,B.Tankink,M.Ladagnous,B.Bozic,M.Golas,R.Nocentini,G.Bole,D.De La Cruz,S.Luis Henao,S.Dillier,M.Bodnar,D.Rosa,A.Kurek,D.López,L.Craddock,M.Keizer,D.Ulissi,M.Mohoric,V.Kiryienka,M.Nieve,J.Hansen,K.Elissonde,A.Stachowiak,D.Batek,J.Van den Broeck,M.Bialoblocki,I.Anton,K.Skjerping,C.Anker Sørensen,N.Mihaylov,C.Verona,A.Dowsett,J.De Buyst,R.Kluge,A.Domont,A.Moinard,R.Zoidl,G.Bennett,S.Denifl,E.Beltran,S.Reichenbach,F.Ventoso,V.Conti,A.Bettiol,J.Fumeaux,D.Teuns,X.Zandio,D.Atapuma,I.Boswell,J.Sergent,S.Armee,A.Jeannesson,A.Marangoni,C.Chevrier,O.Le Gac,D.Howson,P.Gretsch,G.Meersman,J.Hirt,M.Pelucchi,M.Hayman,G.Smukulis,L.Pichon,T.Stamsnijder,A.De Marchi,B.De Backer,S.Clarke,E.Alafaci,D.Martinelli,F.Gaviria,Z.Stybar,M.Hofland,P.Gilbert,K.Reza,T.Wellens,T.Benoot,R.Fernandez,Y.Reguigui,F.Gerts,L.König,R.Tleubayev,N.Ruffoni,J.Sagan,C.Opie,J.Keukeleire,L.De Plus,H.Haussler,J.Restrepo,J.Simon,P.Serry,K.De Kort,J.Haig,D.Quintana,D.Smith,K.Bouwman,V.Campenaerts,M.Paluta,M.Montaguti,M.Walscheid,S.Spilak,L.Rota,S.Yates,I.Boev,P.Konwa,L.Vliegen,A.Saramotins,A.Cardoso,B.Van Poppel,K.Domagalski,J.Berard,N.Roche,T.Skujins,P.Brutt,J.Janse Van Rensburg,K.Hnik,L.Wisniowski,V.De La Parte,F.Grossschartner,P.Kennaugh,S.Nikolaev,J.Péraud,F.Bidard,S.Minard,A.Kolobnev,R.Uran,D.Lozano Riba,S.Petilli,M.Woods,D.Kozontchuk,Y.Trofimov,P.Roglic,J.Castroviejo,G.Visconti,N.Denz,J.Oram,A.Vermeulen,R.Valls,Y.Barker,L.Owsian,J.Mejias,S.Paulinho,S.Devolder,I.Konovalovas,C.Planet,E.Battaglin,D.Bennati,J.Marycz,L.Bodnar,P.Williams,G.Szelag,A.Detko,M.Brammeier,E.Barbin,J.Koch,O.Fraile,A.Niyonshuti,S.Clancy,S.Jim,M.Aregger,M.Mamykin,M.Fournier,V.Agnoli,A.Peron,K.Sbaragli,B.Kadri,M.Goss,M.Quinziato,N.Boem,A.Tonelli,M.Maestri,M.Verschoor,C.Williams,P.Simion,Z.Waeytens,M.Costa,S.Colbrelli,T.Leezer,B.Kozhatayev,L.Vervaeke,D.Wyss,Y.Offredo,E.Viviani,R.Taaramäe,S.Rekita,I.Savitsky,S.Tuft,N.Lefrancois,P.Sagan,D.Van Poppel,R.Minali,N.Haas,J.Debusschere,A.Banaszek,S.Holst Enger,A.Tsatevitch,J.Goncalves,A.Porsev,N.Oliveira,L.León Sánchez,S.Oomen,J.Joaquin Rojas,R.Costa,W.Anacona,R.Cavagna,T.Van Garderen,G.Muhlberger,W.Kelderman,B.O'Connor,M.Breschel,F.De Tier,M.Schlegel,A.Tolhoek,D.Olivier,P.Kochetkov,V.Nibali,A.Losada,K.Koren,A.Yates,J.Dombrowski,T.Jelte Slagter,M.Schachmann,R.Power,D.Pozzovivo,O.Christian Eiking,N.Berhane,J.Maison,R.Dennis,F.Sisr,N.Terpstra,J.Henttala,J.Bernard,L.Kämna,M.Boaro,D.Fominykh,C.Haga,D.Novak,A.Nibali,H.Dupont,R.Plaza,F.Pellizotti,E.Piaskowy,P.Konrad,J.Tratnik,G.Daniel,E.Shalunov,N.Dougall,D.Oss,C.Benedetti,J.Wallays,E.Baska,D.Hoelgaard,A.Ait El Abdia,R.Guerreiro,P.Ackermann,A.Hodeg,M.Trentin,M.Teunissen,S.Consonni,C.Venturini,N.Bouhanni,J.Roelandts,J.Biermans,I.Garcia,R.Carapaz,F.Sabatini,A.Zakharov,J.Arcas,J.Bakelants,M.Cherel,M.Delage,B.Lambrecht,M.Sarreau,N.Bico,E.Buchmann,L.Angel Mate,Y.Gidich,A.Duchesne,P.Sivakov,A.Pedrero,J.Herrada Lopez,S.Cras,D.Teklehaimanot,D.Devenyns,R.Kreuziger,M.Padun,A.Nych,J.Pantano,M.Mørkøv,T.Pinot,N.Peters,H.Carretero,I.Stannard,J.Kaczmarek,R.Hollenstein,Z.Bizhigitov,M.Podlaski,S.Davies,B.Gastauer,D.Moreno,L.Bak,H.Vanhoucke,E.Ravasi,W.Bonnet,E.Sepulveda,S.Shilov,L.Morton,J.Venter,B.Van Lerberghe,M.Storer,G.Van Hoecke,M.Le Turnier,J.Shaw,M.Albasini,S.Rossetto,L.Vincent,A.Greipel,A.Foliforov,A.Edmondson,L.Boom,M.Schwarzmann,L.Hofstede,B.Eisel,L.Owen,A.Frame,P.Bauhaus,D.McLay,J.Cardona,K.Magnusson
2014-08-03,2014,1,flat,1,226.0,Bygdoszcz,1.0,2.0,3.0,4.0,5.0,6.0,7.0,8.0,9.0,10.0,11.0,12.0,13.0,14.0,15.0,16.0,17.0,18.0,19.0,20.0,21.0,22.0,23.0,24.0,25.0,26.0,27.0,28.0,29.0,30.0,31.0,32.0,33.0,34.0,35,36.0,37.0,38.0,39.0,40.0,41.0,42.0,43.0,44.0,45.0,46.0,47.0,48.0,49.0,50.0,51.0,52.0,53.0,54.0,55.0,56.0,57.0,58.0,59.0,60.0,61.0,62.0,63.0,64.0,65.0,66.0,67,68.0,69.0,70.0,71.0,72.0,73,74.0,75.0,76.0,77.0,78.0,79.0,80.0,81.0,82.0,83.0,84.0,85.0,86.0,87.0,88.0,89.0,90.0,91.0,92.0,93.0,94.0,95.0,96.0,97.0,98.0,99.0,100.0,101.0,102.0,103.0,104.0,105.0,106.0,107.0,108.0,109.0,110.0,111.0,112.0,113.0,114.0,115.0,116.0,117.0,118.0,119.0,120.0,121.0,122.0,123.0,124.0,125.0,126,127.0,128.0,129.0,130.0,131.0,132.0,133.0,134.0,135.0,136.0,137.0,138.0,139.0,140.0,141.0,142.0,143.0,144.0,145.0,146.0,147.0,148.0,149.0,150.0,151.0,152.0,153.0,154.0,155.0,156.0,157.0,158.0,159.0,160.0,161.0,162.0,163.0,164.0,999.0,999.0,,,,,,,,,,,,,,,,,,,,,,,,,,,,,,,,,,,,,,,,,,,,,,,,,,,,,,,,,,,,,,,,,,,,,,999.0,,,,,,,,,,,,,,,,,,,,,,,,,,,,,,,,,,,,,,,,,,,,,,,,,,,,,,,,,,,,,,,,,,,,,,,,,,,,,,,,,,,,,,,,,,,,,,,,,,,,,,,,,,,,,,,,,,,,,,,,,,,,,,,,,,,,,,,,,,,,,,,,,,,,,,,,,,,,,,,,,,,,,,,,,,,,,,,,,,,,,,,,,,,,,,,,,,,,,,,,,,,,,,,,,,,,,,,,,,,,,,,,,,,,,,,,,,,,,,,,,,,,,,,,,,,,,,,,,,,,,,,,,,,,,,,,,,,,,
2014-08-04,2014,2,flat,1,226.0,Warszawa,5.0,11.0,13.0,8.0,7.0,6.0,3.0,61.0,17.0,21.0,14.0,35.0,131.0,50.0,23.0,29.0,55.0,26.0,67.0,161.0,33.0,158.0,68.0,27.0,46.0,36.0,114.0,58.0,41.0,69.0,34.0,40.0,4.0,42.0,48,28.0,43.0,31.0,83.0,75.0,39.0,89.0,52.0,15.0,107.0,19.0,108.0,16.0,87.0,106.0,84.0,44.0,148.0,53.0,64.0,56.0,162.0,92.0,54.0,59.0,120.0,141.0,118.0,103.0,91.0,136.0,30,88.0,63.0,45.0,66.0,18.0,143,79.0,25.0,57.0,70.0,96.0,1.0,163.0,117.0,95.0,93.0,49.0,71.0,90.0,20.0,32.0,123.0,154.0,100.0,130.0,37.0,81.0,51.0,47.0,125.0,85.0,112.0,65.0,156.0,72.0,78.0,119.0,76.0,73.0,133.0,116.0,140.0,110.0,134.0,124.0,62.0,9.0,152.0,147.0,115.0,109.0,135.0,24.0,127.0,122.0,142.0,138.0,101.0,98,129.0,94.0,38.0,121.0,153.0,149.0,132.0,113.0,77.0,10.0,150.0,2.0,74.0,145.0,105.0,151.0,111.0,22.0,97.0,126.0,159.0,128.0,82.0,80.0,12.0,137.0,102.0,139.0,60.0,99.0,155.0,104.0,144.0,86.0,157.0,146.0,164.0,160.0,,,,,,,,,,,,,,,,,,,,,,,,,,,,,,,,,,,,,,,,,,,,,,,,,,,,,,,,,,,,,,,,,,,,,,,,,,,,,,,,,,,,,,,,,,,,,,,,,,,,,,,,,,,,,,,,,,,,,,,,,,,,,,,,,,,,,,,,,,,,,,,,,,,,,,,,,,,,,,,,,,,,,,,,,,,,,,,,,,,,,,,,,,,,,,,,,,,,,,,,,,,,,,,,,,,,,,,,,,,,,,,,,,,,,,,,,,,,,,,,,,,,,,,,,,,,,,,,,,,,,,,,,,,,,,,,,,,,,,,,,,,,,,,,,,,,,,,,,,,,,,,,,,,,,,,,,,,,,,,,,,,,,,,,,,,,,,,,,,,,,,,,,,,,,
2014-08-05,2014,3,flat,1,174.0,Rzeszów,7.0,36.0,54.0,151.0,25.0,64.0,15.0,136.0,47.0,32.0,11.0,143.0,44.0,1.0,74.0,35.0,60.0,61.0,34.0,33.0,26.0,122.0,71.0,62.0,58.0,72.0,95.0,76.0,101.0,55.0,84.0,80.0,17.0,81.0,52,65.0,48.0,59.0,69.0,42.0,70.0,93.0,39.0,16.0,8.0,18.0,78.0,38.0,115.0,56.0,68.0,86.0,10.0,97.0,123.0,103.0,63.0,100.0,127.0,107.0,117.0,109.0,163.0,77.0,75.0,129.0,49,94.0,98.0,90.0,43.0,19.0,88,96.0,28.0,12.0,146.0,118.0,83.0,46.0,164.0,105.0,120.0,85.0,53.0,51.0,29.0,24.0,125.0,57.0,134.0,99.0,40.0,82.0,87.0,73.0,128.0,112.0,50.0,4.0,158.0,130.0,116.0,119.0,66.0,145.0,92.0,149.0,133.0,111.0,157.0,114.0,67.0,2.0,37.0,141.0,30.0,162.0,153.0,79.0,124.0,22.0,91.0,89.0,148.0,144,41.0,139.0,5.0,138.0,137.0,147.0,131.0,27.0,104.0,6.0,152.0,3.0,31.0,154.0,140.0,23.0,9.0,161.0,14.0,113.0,132.0,102.0,45.0,108.0,21.0,126.0,20.0,110.0,142.0,150.0,156.0,13.0,135.0,106.0,155.0,121.0,159.0,160.0,,,,,,,,,,,,,,,,,,,,,,,,,,,,,,,,,,,,,,,,,,,,,,,,,,,,,,,,,,,,,,,,,,,,,,,,,,,,,,,,,,,,,,,,,,,,,,,,,,,,,,,,,,,,,,,,,,,,,,,,,,,,,,,,,,,,,,,,,,,,,,,,,,,,,,,,,,,,,,,,,,,,,,,,,,,,,,,,,,,,,,,,,,,,,,,,,,,,,,,,,,,,,,,,,,,,,,,,,,,,,,,,,,,,,,,,,,,,,,,,,,,,,,,,,,,,,,,,,,,,,,,,,,,,,,,,,,,,,,,,,,,,,,,,,,,,,,,,,,,,,,,,,,,,,,,,,,,,,,,,,,,,,,,,,,,,,,,,,,,,,,,,,,,,,
2014-08-06,2014,4,flat,1,236.0,Katowice,5.0,13.0,44.0,27.0,51.0,9.0,56.0,15.0,32.0,22.0,19.0,68.0,55.0,17.0,12.0,43.0,91.0,39.0,93.0,30.0,45.0,156.0,111.0,41.0,42.0,33.0,74.0,66.0,70.0,98.0,40.0,80.0,24.0,83.0,110,53.0,76.0,113.0,97.0,75.0,67.0,101.0,65.0,36.0,1.0,64.0,152.0,62.0,102.0,117.0,109.0,58.0,35.0,81.0,114.0,94.0,69.0,95.0,79.0,99.0,139.0,7.0,132.0,90.0,106.0,87.0,112,71.0,118.0,85.0,96.0,29.0,78,86.0,60.0,47.0,57.0,116.0,38.0,151.0,161.0,120.0,107.0,73.0,21.0,103.0,20.0,61.0,135.0,63.0,54.0,130.0,46.0,125.0,77.0,28.0,84.0,72.0,18.0,4.0,158.0,121.0,100.0,142.0,105.0,115.0,34.0,150.0,143.0,104.0,144.0,131.0,82.0,3.0,129.0,147.0,8.0,52.0,122.0,31.0,136.0,10.0,138.0,141.0,119.0,108,127.0,145.0,89.0,133.0,155.0,124.0,134.0,37.0,2.0,126.0,146.0,11.0,148.0,153.0,140.0,25.0,6.0,16.0,92.0,137.0,160.0,123.0,50.0,88.0,59.0,154.0,26.0,149.0,49.0,14.0,157.0,23.0,159.0,48.0,162.0,128.0,163.0,164.0,,,,,,,,,,,,,,,,,,,,,,,,,,,,,,,,,,,,,,,,,,,,,,,,,,,,,,,,,,,,,,,,,,,,,,,,,,,,,,,,,,,,,,,,,,,,,,,,,,,,,,,,,,,,,,,,,,,,,,,,,,,,,,,,,,,,,,,,,,,,,,,,,,,,,,,,,,,,,,,,,,,,,,,,,,,,,,,,,,,,,,,,,,,,,,,,,,,,,,,,,,,,,,,,,,,,,,,,,,,,,,,,,,,,,,,,,,,,,,,,,,,,,,,,,,,,,,,,,,,,,,,,,,,,,,,,,,,,,,,,,,,,,,,,,,,,,,,,,,,,,,,,,,,,,,,,,,,,,,,,,,,,,,,,,,,,,,,,,,,,,,,,,,,,,
2014-08-07,2014,5,hilly,2,190.0,Strbskie Pleso,131.0,999.0,57.0,110.0,117.0,149.0,86.0,85.0,7.0,33.0,119.0,4.0,91.0,157.0,127.0,37.0,9.0,58.0,47.0,121.0,19.0,126.0,10.0,1.0,70.0,20.0,106.0,14.0,5.0,30.0,97.0,43.0,148.0,62.0,95,17.0,88.0,3.0,52.0,44.0,22.0,18.0,24.0,99.0,153.0,27.0,999.0,34.0,26.0,53.0,11.0,6.0,140.0,81.0,71.0,36.0,108.0,42.0,80.0,16.0,116.0,134.0,115.0,25.0,45.0,2.0,29,93.0,66.0,31.0,21.0,32.0,72,50.0,109.0,152.0,118.0,68.0,40.0,105.0,154.0,35.0,39.0,55.0,12.0,124.0,59.0,83.0,67.0,84.0,79.0,145.0,64.0,15.0,38.0,46.0,123.0,61.0,128.0,133.0,8.0,78.0,28.0,89.0,23.0,98.0,143.0,73.0,141.0,144.0,77.0,130.0,122.0,999.0,96.0,138.0,48.0,142.0,56.0,137.0,114.0,132.0,107.0,999.0,63.0,69,65.0,113.0,103.0,82.0,13.0,102.0,112.0,49.0,139.0,135.0,76.0,41.0,129.0,147.0,146.0,111.0,155.0,136.0,92.0,90.0,74.0,999.0,54.0,75.0,125.0,150.0,60.0,999.0,100.0,101.0,999.0,120.0,87.0,94.0,51.0,104.0,156.0,151.0,,,,,,,,,,,,,,,,,,,,,,,,,,,,,,,,,,,,,,,,,,,,,,,,,,,,,,,,,,,,,,,,,,,,,,,,,,,,,,,,,,,,,,,,,,,,,,,,,,,,,,,,,,,,,,,,,,,,,,,,,,,,,,,,,,,,,,,,,,,,,,,,,,,,,,,,,,,,,,,,,,,,,,,,,,,,,,,,,,,,,,,,,,,,,,,,,,,,,,,,,,,,,,,,,,,,,,,,,,,,,,,,,,,,,,,,,,,,,,,,,,,,,,,,,,,,,,,,,,,,,,,,,,,,,,,,,,,,,,,,,,,,,,,,,,,,,,,,,,,,,,,,,,,,,,,,,,,,,,,,,,,,,,,,,,,,,,,,,,,,,,,,,,,,,
2014-08-08,2014,6,hilly,2,174.0,Bukowina Tatrzanska,126.0,,64.0,99.0,133.0,116.0,132.0,999.0,14.0,58.0,124.0,10.0,56.0,999.0,91.0,11.0,19.0,44.0,23.0,999.0,9.0,68.0,5.0,1.0,16.0,12.0,54.0,39.0,7.0,999.0,47.0,45.0,95.0,108.0,53,31.0,121.0,3.0,60.0,25.0,8.0,22.0,28.0,63.0,130.0,33.0,,40.0,20.0,37.0,999.0,17.0,135.0,71.0,82.0,80.0,999.0,51.0,109.0,21.0,84.0,127.0,79.0,27.0,48.0,2.0,24,94.0,46.0,18.0,4.0,62.0,55,100.0,999.0,999.0,78.0,67.0,15.0,125.0,113.0,26.0,35.0,29.0,6.0,89.0,111.0,43.0,34.0,105.0,112.0,115.0,49.0,38.0,42.0,36.0,90.0,57.0,119.0,999.0,13.0,98.0,41.0,92.0,30.0,83.0,102.0,70.0,128.0,999.0,97.0,129.0,93.0,,104.0,74.0,120.0,999.0,999.0,103.0,134.0,136.0,75.0,,69.0,32,50.0,107.0,999.0,999.0,87.0,61.0,96.0,72.0,118.0,999.0,123.0,101.0,86.0,117.0,114.0,999.0,73.0,999.0,999.0,81.0,52.0,,59.0,88.0,999.0,137.0,65.0,,76.0,999.0,,131.0,106.0,85.0,110.0,66.0,122.0,77.0,,,,,,,,,,,,,,,,,,,,,,,,,,,,,,,,,,,,,,,,,,,,,,,,,,,,,,,,,,,,,,,,,,,,,,,,,,,,,,,,,,,,,,,,,,,,,,,,,,,,,,,,,,,,,,,,,,,,,,,,,,,,,,,,,,,,,,,,,,,,,,,,,,,,,,,,,,,,,,,,,,,,,,,,,,,,,,,,,,,,,,,,,,,,,,,,,,,,,,,,,,,,,,,,,,,,,,,,,,,,,,,,,,,,,,,,,,,,,,,,,,,,,,,,,,,,,,,,,,,,,,,,,,,,,,,,,,,,,,,,,,,,,,,,,,,,,,,,,,,,,,,,,,,,,,,,,,,,,,,,,,,,,,,,,,,,,,,,,,,,,,,,,,,,,
2014-08-09,2014,7,itt,6,25.0,Krakow,114.0,,999.0,91.0,118.0,115.0,85.0,,58.0,39.0,81.0,65.0,999.0,,20.0,26.0,21.0,51.0,106.0,,101.0,125.0,31.0,13.0,112.0,55.0,74.0,128.0,75.0,,88.0,62.0,82.0,14.0,64,35.0,111.0,7.0,92.0,126.0,47.0,36.0,76.0,80.0,130.0,50.0,,4.0,87.0,38.0,,42.0,116.0,95.0,999.0,32.0,,113.0,34.0,45.0,104.0,108.0,93.0,83.0,28.0,15.0,69,79.0,999.0,12.0,9.0,123.0,120,1.0,,,70.0,119.0,41.0,131.0,11.0,30.0,53.0,66.0,54.0,110.0,46.0,29.0,48.0,52.0,3.0,103.0,59.0,5.0,22.0,63.0,77.0,89.0,49.0,,98.0,8.0,6.0,44.0,37.0,2.0,71.0,18.0,73.0,,78.0,17.0,67.0,,27.0,122.0,16.0,,,84.0,96.0,129.0,105.0,,57.0,999,24.0,999.0,,,97.0,68.0,61.0,109.0,127.0,,19.0,10.0,117.0,43.0,33.0,,121.0,,,99.0,94.0,,90.0,60.0,,107.0,23.0,,124.0,,,86.0,25.0,102.0,100.0,40.0,56.0,72.0,,,,,,,,,,,,,,,,,,,,,,,,,,,,,,,,,,,,,,,,,,,,,,,,,,,,,,,,,,,,,,,,,,,,,,,,,,,,,,,,,,,,,,,,,,,,,,,,,,,,,,,,,,,,,,,,,,,,,,,,,,,,,,,,,,,,,,,,,,,,,,,,,,,,,,,,,,,,,,,,,,,,,,,,,,,,,,,,,,,,,,,,,,,,,,,,,,,,,,,,,,,,,,,,,,,,,,,,,,,,,,,,,,,,,,,,,,,,,,,,,,,,,,,,,,,,,,,,,,,,,,,,,,,,,,,,,,,,,,,,,,,,,,,,,,,,,,,,,,,,,,,,,,,,,,,,,,,,,,,,,,,,,,,,,,,,,,,,,,,,,,,,,,,,,
2015-08-02,2015,1,flat,1,122.0,Warszawa,,,58.0,,,,148.0,,20.0,,,14.0,116.0,,,,,28.0,,,,,85.0,,,56.0,,,,,,30.0,,,23,44.0,,10.0,,,59.0,94.0,79.0,,,,,,98.0,,,,29.0,,97.0,60.0,77.0,,124.0,,,,24.0,102.0,105.0,130.0,114,,,131.0,52.0,21.0,134,128.0,,,,,39.0,,,65.0,,,,,,,99.0,,,150.0,45.0,,,51.0,,64.0,,133.0,,,117.0,122.0,111.0,,146.0,,66.0,142.0,,140.0,,57.0,,,16.0,132.0,,127.0,,,108.0,,,13,87.0,,,,,71.0,,,,,,,,136.0,63.0,67.0,,144.0,,,,93.0,53.0,999.0,,,,123.0,,,,,107.0,,,,,,,3.0,1.0,2.0,4.0,5.0,6.0,7.0,8.0,9.0,11.0,12.0,15.0,17.0,18.0,19.0,22.0,25.0,26.0,27.0,31.0,32.0,33.0,34.0,35.0,36.0,37.0,38.0,40.0,41.0,42.0,43.0,46.0,47.0,48.0,49.0,50.0,54.0,55.0,61.0,62.0,68.0,69.0,70.0,72.0,73.0,74.0,75.0,76.0,78.0,80.0,81.0,82.0,83.0,84.0,86.0,88.0,89.0,90.0,91.0,92.0,95.0,96.0,100.0,101.0,103.0,104.0,106.0,109.0,110.0,112.0,113.0,115.0,118.0,119.0,120.0,121.0,125.0,126.0,129.0,135.0,137.0,138.0,139.0,141.0,143.0,145.0,147.0,149.0,,,,,,,,,,,,,,,,,,,,,,,,,,,,,,,,,,,,,,,,,,,,,,,,,,,,,,,,,,,,,,,,,,,,,,,,,,,,,,,,,,,,,,,,,,,,,,,,,,,,,,,,,,,,,,,,,,,,,,,,,,,,,,,,,,,,,,,,,,,,,,,,,,,,,,,,,,,,,,,,,,,,,,,,,,,,,,,,,,,,,,,,,,,,,,,,,,,,,,,,,,,,,,,,,,,,,,,,,,,,,,,,,,,,,,,,,,,,,,,,,,,,,,,,,,,,,,,,,,,,
2015-08-03,2015,2,flat,1,146.0,Dąbrowa Górnicza,,,84.0,,,,64.0,,31.0,,,23.0,17.0,,,,,96.0,,,,,53.0,,,145.0,,,,,,98.0,,,46,14.0,,55.0,,,95.0,75.0,67.0,,,,,,71.0,,,,123.0,,114.0,56.0,43.0,,82.0,,,,78.0,85.0,47.0,87.0,101,,,88.0,44.0,149.0,86,119.0,,,,,54.0,,,89.0,,,,,,,21.0,,,116.0,18.0,,,35.0,,80.0,,5.0,,,22.0,121.0,66.0,,93.0,,147.0,41.0,,105.0,,26.0,,,16.0,9.0,,109.0,,,111.0,,,7,91.0,,,,,72.0,,,,,,,,94.0,122.0,108.0,,134.0,,,,70.0,73.0,,,,,48.0,,,,,8.0,,,,,,,6.0,2.0,146.0,136.0,10.0,4.0,127.0,27.0,28.0,90.0,3.0,129.0,115.0,144.0,39.0,140.0,15.0,33.0,61.0,137.0,62.0,29.0,110.0,128.0,63.0,135.0,130.0,999.0,59.0,25.0,141.0,19.0,120.0,38.0,45.0,20.0,74.0,106.0,65.0,81.0,143.0,51.0,97.0,126.0,49.0,148.0,57.0,11.0,69.0,142.0,50.0,79.0,138.0,32.0,42.0,37.0,36.0,124.0,76.0,24.0,34.0,139.0,77.0,107.0,104.0,103.0,112.0,40.0,60.0,117.0,92.0,113.0,30.0,52.0,13.0,102.0,12.0,68.0,99.0,1.0,125.0,58.0,83.0,100.0,132.0,131.0,133.0,118.0,,,,,,,,,,,,,,,,,,,,,,,,,,,,,,,,,,,,,,,,,,,,,,,,,,,,,,,,,,,,,,,,,,,,,,,,,,,,,,,,,,,,,,,,,,,,,,,,,,,,,,,,,,,,,,,,,,,,,,,,,,,,,,,,,,,,,,,,,,,,,,,,,,,,,,,,,,,,,,,,,,,,,,,,,,,,,,,,,,,,,,,,,,,,,,,,,,,,,,,,,,,,,,,,,,,,,,,,,,,,,,,,,,,,,,,,,,,,,,,,,,,,,,,,,,,,,,,,,,,,
2015-08-04,2015,3,flat,1,166.0,Katowice,,,78.0,,,,12.0,,49.0,,,38.0,133.0,,,,,34.0,,,,,70.0,,,63.0,,,,,,36.0,,,20,28.0,,27.0,,,999.0,99.0,31.0,,,,,,110.0,,,,4.0,,96.0,51.0,102.0,,62.0,,,,8.0,73.0,105.0,117.0,71,,,112.0,54.0,21.0,57,141.0,,,,,19.0,,,58.0,,,,,,,69.0,,,92.0,25.0,,,18.0,,74.0,,50.0,,,53.0,61.0,108.0,,128.0,,999.0,126.0,,106.0,,131.0,,,13.0,137.0,,119.0,,,90.0,,,14,76.0,,,,,82.0,,,,,,,,84.0,134.0,95.0,,130.0,,,,87.0,52.0,,,,,111.0,,,,,60.0,,,,,,,5.0,7.0,16.0,59.0,15.0,118.0,9.0,11.0,23.0,22.0,2.0,48.0,33.0,3.0,29.0,135.0,46.0,42.0,80.0,83.0,103.0,32.0,17.0,142.0,47.0,65.0,64.0,,26.0,35.0,113.0,44.0,143.0,77.0,67.0,93.0,41.0,94.0,91.0,55.0,68.0,40.0,85.0,115.0,45.0,97.0,66.0,39.0,101.0,56.0,100.0,147.0,136.0,10.0,109.0,72.0,116.0,81.0,89.0,37.0,75.0,30.0,86.0,123.0,125.0,88.0,146.0,104.0,79.0,122.0,107.0,114.0,124.0,121.0,24.0,98.0,127.0,6.0,120.0,1.0,132.0,43.0,129.0,138.0,144.0,139.0,145.0,140.0,,,,,,,,,,,,,,,,,,,,,,,,,,,,,,,,,,,,,,,,,,,,,,,,,,,,,,,,,,,,,,,,,,,,,,,,,,,,,,,,,,,,,,,,,,,,,,,,,,,,,,,,,,,,,,,,,,,,,,,,,,,,,,,,,,,,,,,,,,,,,,,,,,,,,,,,,,,,,,,,,,,,,,,,,,,,,,,,,,,,,,,,,,,,,,,,,,,,,,,,,,,,,,,,,,,,,,,,,,,,,,,,,,,,,,,,,,,,,,,,,,,,,,,,,,,,,,,,,,,,
2015-08-05,2015,4,flat,1,220.0,Nowy Sącz,,,12.0,,,,114.0,,52.0,,,48.0,105.0,,,,,18.0,,,,,80.0,,,77.0,,,,,,50.0,,,20,24.0,,82.0,,,,51.0,32.0,,,,,,71.0,,,,125.0,,62.0,91.0,131.0,,23.0,,,,16.0,100.0,42.0,122.0,88,,,124.0,65.0,2.0,99,999.0,,,,,36.0,,,22.0,,,,,,,30.0,,,119.0,31.0,,,15.0,,86.0,,123.0,,,83.0,38.0,40.0,,121.0,,,135.0,,132.0,,5.0,,,127.0,101.0,,120.0,,,72.0,,,25,93.0,,,,,84.0,,,,,,,,140.0,79.0,33.0,,999.0,,,,95.0,55.0,,,,,104.0,,,,,7.0,,,,,,,128.0,112.0,4.0,37.0,10.0,126.0,134.0,9.0,26.0,19.0,999.0,27.0,66.0,6.0,14.0,115.0,39.0,21.0,73.0,142.0,130.0,94.0,999.0,28.0,76.0,68.0,13.0,,35.0,8.0,1.0,29.0,111.0,67.0,60.0,133.0,49.0,58.0,118.0,45.0,41.0,43.0,69.0,92.0,34.0,110.0,53.0,139.0,70.0,74.0,85.0,999.0,107.0,47.0,96.0,75.0,87.0,46.0,59.0,63.0,64.0,117.0,56.0,97.0,78.0,44.0,136.0,89.0,90.0,106.0,54.0,57.0,113.0,61.0,17.0,109.0,116.0,129.0,81.0,141.0,98.0,3.0,103.0,138.0,108.0,137.0,102.0,11.0,,,,,,,,,,,,,,,,,,,,,,,,,,,,,,,,,,,,,,,,,,,,,,,,,,,,,,,,,,,,,,,,,,,,,,,,,,,,,,,,,,,,,,,,,,,,,,,,,,,,,,,,,,,,,,,,,,,,,,,,,,,,,,,,,,,,,,,,,,,,,,,,,,,,,,,,,,,,,,,,,,,,,,,,,,,,,,,,,,,,,,,,,,,,,,,,,,,,,,,,,,,,,,,,,,,,,,,,,,,,,,,,,,,,,,,,,,,,,,,,,,,,,,,,,,,,,,,,,,,,
2015-08-06,2015,5,hilly,2,223.0,Zakopane,,,39.0,,,,100.0,,12.0,,,17.0,63.0,,,,,58.0,,,,,56.0,,,83.0,,,,,,16.0,,,28,49.0,,9.0,,,,45.0,24.0,,,,,,6.0,,,,132.0,,71.0,33.0,87.0,,62.0,,,,44.0,42.0,66.0,999.0,34,,,101.0,8.0,80.0,46,,,,,,77.0,,,10.0,,,,,,,1.0,,,130.0,15.0,,,72.0,,19.0,,999.0,,,54.0,38.0,31.0,,124.0,,,119.0,,999.0,,116.0,,,999.0,90.0,,105.0,,,88.0,,,60,104.0,,,,,13.0,,,,,,,,118.0,102.0,91.0,,,,,,32.0,7.0,,,,,123.0,,,,,108.0,,,,,,,127.0,120.0,133.0,85.0,126.0,134.0,999.0,92.0,74.0,61.0,,26.0,96.0,93.0,23.0,999.0,5.0,79.0,41.0,129.0,89.0,68.0,,117.0,70.0,75.0,98.0,,4.0,59.0,115.0,36.0,95.0,35.0,30.0,86.0,2.0,73.0,103.0,11.0,65.0,20.0,81.0,84.0,22.0,82.0,53.0,109.0,14.0,69.0,64.0,,113.0,135.0,51.0,21.0,27.0,25.0,50.0,78.0,3.0,52.0,47.0,111.0,67.0,48.0,131.0,18.0,76.0,106.0,29.0,43.0,110.0,55.0,57.0,114.0,97.0,112.0,94.0,128.0,107.0,122.0,125.0,99.0,40.0,121.0,37.0,999.0,,,,,,,,,,,,,,,,,,,,,,,,,,,,,,,,,,,,,,,,,,,,,,,,,,,,,,,,,,,,,,,,,,,,,,,,,,,,,,,,,,,,,,,,,,,,,,,,,,,,,,,,,,,,,,,,,,,,,,,,,,,,,,,,,,,,,,,,,,,,,,,,,,,,,,,,,,,,,,,,,,,,,,,,,,,,,,,,,,,,,,,,,,,,,,,,,,,,,,,,,,,,,,,,,,,,,,,,,,,,,,,,,,,,,,,,,,,,,,,,,,,,,,,,,,,,,,,,,,,,
2015-08-07,2015,6,hilly-mf,3,174.0,Bukowina Tatrzańska,,,49.0,,,,999.0,,9.0,,,52.0,23.0,,,,,48.0,,,,,58.0,,,42.0,,,,,,35.0,,,47,24.0,,8.0,,,,50.0,20.0,,,,,,13.0,,,,999.0,,26.0,69.0,89.0,,71.0,,,,91.0,33.0,32.0,,56,,,31.0,4.0,81.0,57,,,,,,12.0,,,11.0,,,,,,,10.0,,,999.0,28.0,,,999.0,,999.0,,,,,27.0,30.0,37.0,,999.0,,,105.0,,,,94.0,,,,86.0,,74.0,,,63.0,,,40,77.0,,,,,70.0,,,,,,,,106.0,93.0,83.0,,,,,,22.0,5.0,,,,,72.0,,,,,999.0,,,,,,,999.0,100.0,99.0,78.0,112.0,999.0,,999.0,999.0,84.0,,25.0,999.0,107.0,999.0,,7.0,73.0,79.0,102.0,96.0,55.0,,999.0,53.0,68.0,59.0,,1.0,51.0,95.0,39.0,999.0,65.0,3.0,110.0,2.0,76.0,66.0,6.0,14.0,38.0,80.0,82.0,19.0,109.0,15.0,61.0,16.0,92.0,34.0,,999.0,111.0,85.0,21.0,17.0,29.0,43.0,88.0,18.0,60.0,75.0,999.0,104.0,999.0,67.0,46.0,54.0,103.0,45.0,62.0,999.0,36.0,113.0,97.0,101.0,999.0,41.0,999.0,87.0,98.0,44.0,90.0,64.0,108.0,999.0,,,,,,,,,,,,,,,,,,,,,,,,,,,,,,,,,,,,,,,,,,,,,,,,,,,,,,,,,,,,,,,,,,,,,,,,,,,,,,,,,,,,,,,,,,,,,,,,,,,,,,,,,,,,,,,,,,,,,,,,,,,,,,,,,,,,,,,,,,,,,,,,,,,,,,,,,,,,,,,,,,,,,,,,,,,,,,,,,,,,,,,,,,,,,,,,,,,,,,,,,,,,,,,,,,,,,,,,,,,,,,,,,,,,,,,,,,,,,,,,,,,,,,,,,,,,,,,,,,,,,
2015-08-08,2015,7,itt,6,25.0,Krakow,,,75.0,,,,,,65.0,,,52.0,64.0,,,,,89.0,,,,,59.0,,,82.0,,,,,,13.0,,,34,51.0,,7.0,,,,15.0,22.0,,,,,,62.0,,,,,,58.0,56.0,21.0,,53.0,,,,110.0,44.0,23.0,,78,,,107.0,31.0,69.0,95,,,,,,20.0,,,8.0,,,,,,,12.0,,,,40.0,,,,,,,,,,81.0,18.0,28.0,,,,,104.0,,,,72.0,,,,79.0,,90.0,,,93.0,,,35,87.0,,,,,109.0,,,,,,,,3.0,49.0,76.0,,,,,,46.0,17.0,,,,,103.0,,,,,,,,,,,,,32.0,112.0,100.0,97.0,,,,,99.0,,68.0,,66.0,,,11.0,70.0,71.0,16.0,26.0,33.0,,,54.0,86.0,106.0,,48.0,38.0,10.0,37.0,,98.0,27.0,19.0,30.0,94.0,2.0,61.0,42.0,39.0,83.0,88.0,5.0,1.0,85.0,55.0,29.0,25.0,63.0,,,36.0,84.0,41.0,9.0,43.0,47.0,111.0,50.0,60.0,24.0,,45.0,,67.0,108.0,80.0,14.0,102.0,92.0,,73.0,105.0,4.0,6.0,,113.0,,57.0,74.0,96.0,101.0,77.0,91.0,,,,,,,,,,,,,,,,,,,,,,,,,,,,,,,,,,,,,,,,,,,,,,,,,,,,,,,,,,,,,,,,,,,,,,,,,,,,,,,,,,,,,,,,,,,,,,,,,,,,,,,,,,,,,,,,,,,,,,,,,,,,,,,,,,,,,,,,,,,,,,,,,,,,,,,,,,,,,,,,,,,,,,,,,,,,,,,,,,,,,,,,,,,,,,,,,,,,,,,,,,,,,,,,,,,,,,,,,,,,,,,,,,,,,,,,,,,,,,,,,,,,,,,,,,,,,,,,,,,,,,
2016-07-12,2016,1,flat,1,135.0,Warsaw,,14.0,63.0,,,39.0,,,75.0,,,,,,,,93.0,,,,,,122.0,,,47.0,,,,,,,,163.0,76,85.0,,,,,,,52.0,,,,,,,58.0,101.0,,179.0,,150.0,86.0,,,,92.0,,,18.0,,135.0,198.0,82,,130.0,,,30.0,158,,,,,,,140.0,131.0,,,,,,,61.0,42.0,,,,,,174.0,123.0,,,,10.0,,29.0,37.0,32.0,96.0,,192.0,,,,199.0,194.0,154.0,185.0,41.0,,13.0,54.0,,,,,,,68.0,128,17.0,,,155.0,,,,,,,,,,,65.0,80.0,,,,,,,,,,,139.0,,,,,,,,,,,,,16.0,,3.0,183.0,,,94.0,11.0,8.0,,,,,,,,59.0,,,197.0,,,,,31.0,,,,,,,,,,,,22.0,105.0,,,50.0,119.0,153.0,145.0,,152.0,,,,,,120.0,69.0,186.0,,,,,53.0,,,43.0,,88.0,57.0,,,,,,133.0,,,,,,,,,172.0,,110.0,,176.0,196.0,178.0,26.0,112.0,1.0,2.0,4.0,5.0,6.0,7.0,9.0,12.0,15.0,19.0,20.0,21.0,23.0,24.0,25.0,27.0,28.0,33.0,34.0,35.0,36.0,38.0,40.0,44.0,45.0,46.0,48.0,49.0,51.0,55.0,56.0,60.0,62.0,64.0,66.0,67.0,70.0,71.0,72.0,73.0,74.0,77.0,78.0,79.0,81.0,83.0,84.0,87.0,89.0,90.0,91.0,95.0,97.0,98.0,99.0,100.0,102.0,103.0,104.0,106.0,107.0,108.0,109.0,111.0,113.0,114.0,115.0,116.0,117.0,118.0,121.0,124.0,125.0,126.0,127.0,129.0,132.0,134.0,136.0,137.0,138.0,141.0,142.0,143.0,144.0,146.0,147.0,148.0,149.0,151.0,156.0,157.0,159.0,160.0,161.0,162.0,164.0,165.0,166.0,167.0,168.0,169.0,170.0,171.0,173.0,175.0,177.0,180.0,181.0,182.0,184.0,187.0,188.0,189.0,190.0,191.0,193.0,195.0,999.0,,,,,,,,,,,,,,,,,,,,,,,,,,,,,,,,,,,,,,,,,,,,,,,,,,,,,,,,,,,,,,,,,,,,,,,,,,,,,,,,,,,,,,,,,,,,,,,,,,,,,,,,,,,,,,,,,,,,,,,,,,,,,,,,,,,,,,,,,,,,,
2016-07-13,2016,2,flat,1,153.0,Katowice,,16.0,68.0,,,38.0,,,57.0,,,,,,,,125.0,,,,,,128.0,,,999.0,,,,,,,,161.0,96,58.0,,,,,,,59.0,,,,,,,67.0,70.0,,73.0,,151.0,74.0,,,,118.0,,,21.0,,136.0,198.0,100,,144.0,,,10.0,169,,,,,,,170.0,134.0,,,,,,,91.0,39.0,,,,,,187.0,35.0,,,,25.0,,29.0,36.0,47.0,66.0,,178.0,,,,196.0,145.0,123.0,157.0,15.0,,8.0,192.0,,,,,,,124.0,105,40.0,,,152.0,,,,,,,,,,,177.0,64.0,,,,,,,,,,,188.0,,,,,,,,,,,,,6.0,,3.0,191.0,,,75.0,12.0,20.0,,,,,,,,27.0,,,176.0,,,,,53.0,,,,,,,,,,,,19.0,37.0,,,41.0,109.0,183.0,122.0,,165.0,,,,,,149.0,9.0,78.0,,,,,60.0,,,34.0,,17.0,87.0,,,,,,189.0,,,,,,,,,173.0,,65.0,,171.0,194.0,132.0,54.0,148.0,48.0,1.0,56.0,5.0,23.0,160.0,52.0,33.0,24.0,121.0,14.0,31.0,84.0,11.0,28.0,13.0,117.0,61.0,7.0,45.0,62.0,104.0,32.0,51.0,30.0,42.0,93.0,50.0,43.0,186.0,116.0,69.0,108.0,26.0,155.0,127.0,63.0,164.0,55.0,82.0,49.0,89.0,71.0,114.0,103.0,44.0,79.0,72.0,95.0,86.0,120.0,115.0,81.0,80.0,46.0,76.0,22.0,162.0,107.0,98.0,101.0,112.0,85.0,92.0,90.0,138.0,130.0,102.0,113.0,99.0,179.0,126.0,119.0,129.0,77.0,142.0,97.0,143.0,18.0,137.0,111.0,141.0,190.0,180.0,94.0,195.0,110.0,166.0,154.0,182.0,184.0,135.0,139.0,168.0,150.0,4.0,146.0,193.0,147.0,174.0,158.0,133.0,163.0,175.0,88.0,131.0,181.0,159.0,156.0,153.0,185.0,167.0,106.0,2.0,83.0,140.0,172.0,197.0,,,,,,,,,,,,,,,,,,,,,,,,,,,,,,,,,,,,,,,,,,,,,,,,,,,,,,,,,,,,,,,,,,,,,,,,,,,,,,,,,,,,,,,,,,,,,,,,,,,,,,,,,,,,,,,,,,,,,,,,,,,,,,,,,,,,,,,,,,,,,,
2016-07-14,2016,3,hilly,2,240.0,Nowy Sacz,,5.0,21.0,,,105.0,,,86.0,,,,,,,,78.0,,,,,,96.0,,,,,,,,,,,111.0,84,100.0,,,,,,,50.0,,,,,,,41.0,85.0,,189.0,,154.0,75.0,,,,152.0,,,131.0,,118.0,999.0,63,,113.0,,,22.0,69,,,,,,,127.0,141.0,,,,,,,67.0,55.0,,,,,,79.0,28.0,,,,9.0,,54.0,38.0,34.0,42.0,,147.0,,,,153.0,157.0,117.0,3.0,17.0,,139.0,172.0,,,,,,,58.0,81,35.0,,,999.0,,,,,,,,,,,155.0,89.0,,,,,,,,,,,108.0,,,,,,,,,,,,,1.0,,101.0,103.0,,,187.0,16.0,19.0,,,,,,,,47.0,,,166.0,,,,,119.0,,,,,,,,,,,,23.0,137.0,,,32.0,48.0,99.0,171.0,,135.0,,,,,,138.0,150.0,102.0,,,,,88.0,,,26.0,,11.0,74.0,,,,,,182.0,,,,,,,,,175.0,,145.0,,158.0,124.0,136.0,31.0,140.0,160.0,14.0,52.0,2.0,24.0,122.0,68.0,37.0,33.0,181.0,15.0,43.0,7.0,192.0,30.0,178.0,83.0,60.0,4.0,25.0,12.0,98.0,10.0,29.0,46.0,13.0,39.0,45.0,62.0,179.0,170.0,61.0,92.0,73.0,132.0,128.0,8.0,999.0,72.0,174.0,18.0,109.0,56.0,106.0,82.0,94.0,93.0,57.0,59.0,27.0,95.0,162.0,40.0,76.0,71.0,66.0,36.0,191.0,114.0,177.0,149.0,116.0,64.0,44.0,80.0,159.0,87.0,134.0,999.0,151.0,90.0,91.0,110.0,143.0,70.0,167.0,112.0,49.0,77.0,193.0,129.0,126.0,133.0,180.0,104.0,148.0,121.0,144.0,183.0,161.0,146.0,115.0,188.0,168.0,186.0,6.0,130.0,176.0,65.0,163.0,156.0,51.0,185.0,184.0,169.0,165.0,173.0,164.0,107.0,190.0,120.0,97.0,20.0,142.0,53.0,125.0,999.0,123.0,,,,,,,,,,,,,,,,,,,,,,,,,,,,,,,,,,,,,,,,,,,,,,,,,,,,,,,,,,,,,,,,,,,,,,,,,,,,,,,,,,,,,,,,,,,,,,,,,,,,,,,,,,,,,,,,,,,,,,,,,,,,,,,,,,,,,,,,,,,,,,
2016-07-15,2016,4,hilly,2,218.0,Rzeszów,,14.0,75.0,,,29.0,,,81.0,,,,,,,,64.0,,,,,,96.0,,,,,,,,,,,123.0,35,107.0,,,,,,,42.0,,,,,,,34.0,88.0,,180.0,,147.0,83.0,,,,183.0,,,168.0,,138.0,,98,,112.0,,,20.0,130,,,,,,,124.0,110.0,,,,,,,57.0,45.0,,,,,,117.0,43.0,,,,15.0,,25.0,31.0,38.0,39.0,,149.0,,,,148.0,113.0,79.0,2.0,19.0,,150.0,182.0,,,,,,,63.0,70,53.0,,,,,,,,,,,,,,171.0,126.0,,,,,,,,,,,116.0,,,,,,,,,,,,,158.0,,186.0,144.0,,,167.0,71.0,3.0,,,,,,,,44.0,,,151.0,,,,,58.0,,,,,,,,,,,,24.0,17.0,,,61.0,50.0,140.0,159.0,,173.0,,,,,,133.0,165.0,999.0,,,,,82.0,,,51.0,,11.0,101.0,,,,,,172.0,,,,,,,,,166.0,,143.0,,162.0,121.0,127.0,30.0,164.0,109.0,1.0,54.0,125.0,27.0,10.0,47.0,7.0,41.0,999.0,23.0,65.0,103.0,142.0,136.0,174.0,33.0,55.0,4.0,66.0,13.0,102.0,22.0,40.0,52.0,12.0,175.0,28.0,137.0,999.0,154.0,67.0,89.0,87.0,115.0,146.0,26.0,,59.0,5.0,21.0,73.0,32.0,122.0,74.0,99.0,48.0,80.0,85.0,84.0,90.0,91.0,56.0,69.0,78.0,49.0,36.0,169.0,77.0,185.0,999.0,93.0,68.0,60.0,62.0,86.0,72.0,129.0,,139.0,100.0,76.0,104.0,156.0,92.0,170.0,8.0,16.0,120.0,999.0,134.0,131.0,105.0,179.0,141.0,95.0,118.0,111.0,176.0,145.0,128.0,108.0,163.0,155.0,999.0,9.0,999.0,181.0,97.0,153.0,119.0,37.0,161.0,160.0,152.0,6.0,157.0,114.0,177.0,94.0,178.0,106.0,18.0,135.0,46.0,132.0,,184.0,,,,,,,,,,,,,,,,,,,,,,,,,,,,,,,,,,,,,,,,,,,,,,,,,,,,,,,,,,,,,,,,,,,,,,,,,,,,,,,,,,,,,,,,,,,,,,,,,,,,,,,,,,,,,,,,,,,,,,,,,,,,,,,,,,,,,,,,,,,,,,
2016-07-16,2016,5,hilly-mf,3,225.0,Zakopane,,999.0,46.0,,,999.0,,,2.0,,,,,,,,999.0,,,,,,999.0,,,,,,,,,,,45.0,32,999.0,,,,,,,17.0,,,,,,,18.0,97.0,,999.0,,999.0,999.0,,,,999.0,,,93.0,,87.0,,10,,60.0,,,79.0,30,,,,,,,999.0,999.0,,,,,,,4.0,13.0,,,,,,999.0,48.0,,,,999.0,,999.0,11.0,7.0,6.0,,999.0,,,,999.0,999.0,90.0,999.0,39.0,,999.0,999.0,,,,,,,999.0,38,23.0,,,,,,,,,,,,,,999.0,67.0,,,,,,,,,,,999.0,,,,,,,,,,,,,999.0,,999.0,62.0,,,999.0,58.0,35.0,,,,,,,,16.0,,,999.0,,,,,34.0,,,,,,,,,,,,29.0,999.0,,,12.0,64.0,77.0,999.0,,999.0,,,,,,54.0,999.0,,,,,,999.0,,,999.0,,5.0,999.0,,,,,,49.0,,,,,,,,,999.0,,999.0,,999.0,25.0,92.0,24.0,999.0,999.0,999.0,47.0,71.0,15.0,53.0,1.0,3.0,8.0,,36.0,999.0,999.0,999.0,999.0,999.0,999.0,91.0,999.0,999.0,37.0,999.0,68.0,74.0,33.0,41.0,66.0,31.0,80.0,,999.0,999.0,999.0,21.0,61.0,999.0,999.0,,83.0,73.0,999.0,82.0,28.0,98.0,65.0,84.0,89.0,999.0,42.0,27.0,95.0,81.0,999.0,86.0,99.0,999.0,43.0,999.0,44.0,999.0,,999.0,26.0,20.0,22.0,19.0,999.0,76.0,,96.0,70.0,40.0,72.0,999.0,999.0,59.0,85.0,56.0,69.0,,999.0,999.0,52.0,999.0,999.0,78.0,75.0,999.0,999.0,94.0,57.0,9.0,999.0,999.0,,999.0,,999.0,999.0,999.0,999.0,14.0,999.0,999.0,63.0,100.0,999.0,55.0,999.0,999.0,51.0,999.0,999.0,999.0,88.0,999.0,,50.0,,,,,,,,,,,,,,,,,,,,,,,,,,,,,,,,,,,,,,,,,,,,,,,,,,,,,,,,,,,,,,,,,,,,,,,,,,,,,,,,,,,,,,,,,,,,,,,,,,,,,,,,,,,,,,,,,,,,,,,,,,,,,,,,,,,,,,,,,,,,,,
2016-07-18,2016,7,itt,6,25.0,Kraków,,,79.0,,,,,,52.0,,,,,,,,,,,,,,,,,,,,,,,,,11.0,24,,,,,,,,26.0,,,,,,,62.0,43.0,,,,,,,,,,,,88.0,,35.0,,68,,72.0,,,90.0,77,,,,,,,,,,,,,,,6.0,51.0,,,,,,,55.0,,,,,,,15.0,37.0,18.0,,,,,,,,89.0,,12.0,,,,,,,,,,,66,25.0,,,,,,,,,,,,,,,96.0,,,,,,,,,,,,,,,,,,,,,,,,,,,69.0,,,,42.0,47.0,,,,,,,,4.0,,,,,,,,53.0,,,,,,,,,,,,20.0,,,,54.0,60.0,36.0,,,,,,,,,1.0,,,,,,,,,,,,8.0,,,,,,,80.0,,,,,,,,,,,,,,32.0,64.0,75.0,,,,58.0,41.0,30.0,56.0,13.0,34.0,14.0,,65.0,,,,,,,33.0,,,999.0,,46.0,22.0,92.0,49.0,999.0,5.0,63.0,,,,,28.0,81.0,,,,91.0,48.0,,82.0,27.0,61.0,21.0,76.0,86.0,,10.0,23.0,31.0,73.0,,78.0,59.0,,94.0,,87.0,,,,3.0,2.0,17.0,50.0,,29.0,,97.0,74.0,85.0,44.0,,,84.0,67.0,9.0,19.0,,,,93.0,,,45.0,38.0,,,95.0,83.0,57.0,,,,,,,,,,39.0,,,70.0,71.0,,999.0,,,16.0,,,,40.0,,,7.0,,,,,,,,,,,,,,,,,,,,,,,,,,,,,,,,,,,,,,,,,,,,,,,,,,,,,,,,,,,,,,,,,,,,,,,,,,,,,,,,,,,,,,,,,,,,,,,,,,,,,,,,,,,,,,,,,,,,,,,,,,,,,,,,,,,,,,,,,,,,,,
2017-07-29,2017,1,flat,1,130.0,Kraków,,15.0,,,,,,,,,,,,,,,,,,,,,82.0,103.0,,137.0,,,,,,34.0,,,149,,,,,,,,71.0,,,,,,,53.0,,77.0,7.0,,,,,,,,,,8.0,,,,60,,110.0,,112.0,,123,,,,,,45.0,,,57.0,,,22.0,,,,42.0,,,151.0,,74.0,,51.0,,,,47.0,,115.0,,,,,,,119.0,,139.0,,,131.0,,,,,,,,,,,,39,,,,96.0,,117.0,,,,136.0,,,,,64.0,121.0,,,,,,,,,,,,,,124.0,,,,,,,,,,5.0,,2.0,,,,,147.0,,,,,,14.0,,26.0,23.0,,75.0,125.0,,,,,56.0,,,,,,,116.0,85.0,,,150.0,,55.0,,,,,78.0,,,,,,,,,152.0,,,,,,,,,97.0,,99.0,,,38.0,,,138.0,,66.0,,,,,,,,48.0,,,,,,,105.0,,,44.0,,,,,128.0,,,,17.0,18.0,,127.0,,,,,50.0,,,,,,35.0,36.0,,12.0,,,70.0,11.0,61.0,,,,,,146.0,,9.0,,,,80.0,65.0,,,143.0,,,,,,28.0,,,,79.0,,,,,,,63.0,40.0,,,31.0,,,93.0,,,,148.0,145.0,,,,,,,,,,,,,,,87.0,92.0,,101.0,144.0,,,,,,,126.0,140.0,,,,,,,,,,,,,,,,1.0,3.0,4.0,6.0,10.0,13.0,16.0,19.0,20.0,21.0,24.0,25.0,27.0,29.0,30.0,32.0,33.0,37.0,41.0,43.0,46.0,49.0,52.0,54.0,58.0,59.0,62.0,67.0,68.0,69.0,72.0,73.0,76.0,81.0,83.0,84.0,86.0,88.0,89.0,90.0,91.0,94.0,95.0,98.0,100.0,102.0,104.0,106.0,107.0,108.0,109.0,111.0,113.0,114.0,118.0,120.0,122.0,129.0,130.0,132.0,133.0,134.0,135.0,141.0,142.0,999.0,,,,,,,,,,,,,,,,,,,,,,,,,,,,,,,,,,,,,,,,,,,,,,,,,,,,,,,,,,,,,,,,,,,,,,,,,,,
2017-07-30,2017,2,flat,1,142.0,Katowice,,27.0,,,,,,,,,,,,,,,,,,,,,103.0,42.0,,79.0,,,,,,16.0,,,24,,,,,,,,64.0,,,,,,,70.0,,102.0,20.0,,,,,,,,,,80.0,,,,71,,91.0,,141.0,,126,,,,,,56.0,,,66.0,,,28.0,,,,57.0,,,150.0,,60.0,,69.0,,,,1.0,,39.0,,,,,,,129.0,,152.0,,,127.0,,,,,,,,,,,,48,,,,34.0,,134.0,,,,135.0,,,,,97.0,90.0,,,,,,,,,,,,,,95.0,,,,,,,,,,7.0,,21.0,,,,,12.0,,,,,,6.0,,23.0,44.0,,115.0,146.0,,,,,61.0,,,,,,,45.0,112.0,,,120.0,,19.0,,,,,107.0,,,,,,,,,144.0,,,,,,,,,113.0,,83.0,,,74.0,,,140.0,,111.0,,,,,,,,51.0,,,,,,,40.0,,,18.0,,,,,137.0,,,,5.0,13.0,,58.0,,,,,47.0,,,,,,37.0,26.0,,67.0,,,75.0,3.0,43.0,,,,,,148.0,,4.0,,,,85.0,109.0,,,31.0,,,,,,35.0,,,,114.0,,,,,,,93.0,118.0,,,38.0,,,78.0,,,,25.0,11.0,,,,,,,,,,,,,,,110.0,143.0,,151.0,22.0,,,,,,,128.0,142.0,,,,,,,,,,,,,,,,8.0,2.0,9.0,10.0,15.0,133.0,149.0,63.0,46.0,14.0,29.0,41.0,30.0,53.0,33.0,76.0,72.0,84.0,52.0,65.0,50.0,87.0,81.0,108.0,62.0,49.0,68.0,36.0,101.0,82.0,55.0,92.0,59.0,73.0,104.0,32.0,94.0,96.0,99.0,98.0,54.0,130.0,119.0,100.0,77.0,88.0,116.0,124.0,122.0,139.0,117.0,105.0,106.0,89.0,132.0,121.0,138.0,136.0,125.0,145.0,131.0,86.0,17.0,123.0,147.0,,,,,,,,,,,,,,,,,,,,,,,,,,,,,,,,,,,,,,,,,,,,,,,,,,,,,,,,,,,,,,,,,,,,,,,,,,,,
2017-07-31,2017,3,hilly-mf,3,161.0,Szczyrk,,147.0,,,,,,,,,,,,,,,,,,,,,51.0,3.0,,26.0,,,,,,21.0,,,103,,,,,,,,90.0,,,,,,,56.0,,42.0,118.0,,,,,,,,,,135.0,,,,55,,79.0,,146.0,,122,,,,,,34.0,,,18.0,,,9.0,,,,15.0,,,141.0,,13.0,,57.0,,,,128.0,,17.0,,,,,,,82.0,,999.0,,,73.0,,,,,,,,,,,,67,,,,58.0,,123.0,,,,127.0,,,,,106.0,88.0,,,,,,,,,,,,,,104.0,,,,,,,,,,119.0,,124.0,,,,,120.0,,,,,,93.0,,27.0,999.0,,91.0,138.0,,,,,72.0,,,,,,,24.0,113.0,,,99.0,,61.0,,,,,95.0,,,,,,,,,92.0,,,,,,,,,112.0,,16.0,,,1.0,,,137.0,,40.0,,,,,,,,23.0,,,,,,,98.0,,,149.0,,,,,148.0,,,,78.0,45.0,,143.0,,,,,19.0,,,,,,28.0,32.0,,52.0,,,71.0,139.0,31.0,,,,,,144.0,,85.0,,,,80.0,65.0,,,101.0,,,,,,35.0,,,,48.0,,,,,,,29.0,100.0,,,62.0,,,49.0,,,,109.0,68.0,,,,,,,,,,,,,,,39.0,133.0,,131.0,96.0,,,,,,,140.0,130.0,,,,,,,,,,,,,,,,2.0,125.0,136.0,11.0,94.0,145.0,121.0,142.0,84.0,102.0,20.0,25.0,10.0,50.0,14.0,36.0,87.0,38.0,41.0,4.0,30.0,74.0,129.0,60.0,46.0,22.0,33.0,12.0,97.0,107.0,8.0,111.0,5.0,37.0,54.0,7.0,6.0,59.0,47.0,43.0,114.0,115.0,132.0,76.0,86.0,117.0,105.0,64.0,77.0,126.0,63.0,53.0,70.0,44.0,83.0,110.0,89.0,116.0,69.0,81.0,75.0,66.0,134.0,150.0,108.0,,,,,,,,,,,,,,,,,,,,,,,,,,,,,,,,,,,,,,,,,,,,,,,,,,,,,,,,,,,,,,,,,,,,,,,,,,,,
2017-08-01,2017,4,flat,1,238.0,Zabrze,,122.0,,,,,,,,,,,,,,,,,,,,,112.0,26.0,,33.0,,,,,,23.0,,,87,,,,,,,,83.0,,,,,,,116.0,,80.0,10.0,,,,,,,,,,18.0,,,,56,,111.0,,146.0,,134,,,,,,57.0,,,71.0,,,28.0,,,,46.0,,,149.0,,44.0,,113.0,,,,5.0,,60.0,,,,,,,119.0,,,,,27.0,,,,,,,,,,,,43,,,,72.0,,109.0,,,,129.0,,,,,136.0,22.0,,,,,,,,,,,,,,94.0,,,,,,,,,,15.0,,1.0,,,,,6.0,,,,,,7.0,,29.0,,,95.0,118.0,,,,,123.0,,,,,,,34.0,53.0,,,127.0,,86.0,,,,,108.0,,,,,,,,,100.0,,,,,,,,,138.0,,63.0,,,58.0,,,144.0,,85.0,,,,,,,,65.0,,,,,,,102.0,,,38.0,,,,,137.0,,,,19.0,12.0,,128.0,,,,,50.0,,,,,,37.0,45.0,,47.0,,,54.0,14.0,148.0,,,,,,35.0,,4.0,,,,143.0,74.0,,,55.0,,,,,,61.0,,,,91.0,,,,,,,79.0,90.0,,,121.0,,,82.0,,,,67.0,8.0,,,,,,,,,,,,,,,147.0,135.0,,131.0,96.0,,,,,,,89.0,132.0,,,,,,,,,,,,,,,,3.0,2.0,16.0,21.0,13.0,9.0,24.0,68.0,49.0,11.0,66.0,77.0,59.0,17.0,42.0,73.0,142.0,76.0,20.0,36.0,70.0,110.0,92.0,75.0,41.0,69.0,25.0,30.0,101.0,130.0,51.0,93.0,40.0,48.0,126.0,31.0,62.0,78.0,64.0,114.0,107.0,120.0,81.0,88.0,98.0,52.0,103.0,133.0,99.0,141.0,124.0,84.0,105.0,97.0,140.0,145.0,106.0,125.0,139.0,32.0,115.0,117.0,39.0,999.0,104.0,,,,,,,,,,,,,,,,,,,,,,,,,,,,,,,,,,,,,,,,,,,,,,,,,,,,,,,,,,,,,,,,,,,,,,,,,,,,
2017-08-02,2017,5,hilly,2,130.0,Rzeszów,,127.0,,,,,,,,,,,,,,,,,,,,,103.0,22.0,,86.0,,,,,,9.0,,,69,,,,,,,,48.0,,,,,,,13.0,,45.0,4.0,,,,,,,,,,120.0,,,,47,,104.0,,130.0,,105,,,,,,17.0,,,44.0,,,33.0,,,,16.0,,,123.0,,19.0,,72.0,,,,81.0,,40.0,,,,,,,100.0,,,,,2.0,,,,,,,,,,,,53,,,,111.0,,55.0,,,,142.0,,,,,101.0,76.0,,,,,,,,,,,,,,49.0,,,,,,,,,,6.0,,138.0,,,,,83.0,,,,,,82.0,,60.0,,,109.0,110.0,,,,,14.0,,,,,,,21.0,92.0,,,75.0,,96.0,,,,,106.0,,,,,,,,,107.0,,,,,,,,,999.0,,42.0,,,23.0,,,136.0,,27.0,,,,,,,,91.0,,,,,,,79.0,,,139.0,,,,,999.0,,,,12.0,66.0,,137.0,,,,,145.0,,,,,,31.0,56.0,,87.0,,,78.0,134.0,97.0,,,,,,133.0,,67.0,,,,116.0,58.0,,,10.0,,,,,,36.0,,,,63.0,,,,,,,43.0,30.0,,,50.0,,,112.0,,,,59.0,5.0,,,,,,,,,,,,,,,125.0,141.0,,143.0,61.0,,,,,,,144.0,135.0,,,,,,,,,,,,,,,,3.0,1.0,129.0,114.0,77.0,999.0,128.0,140.0,84.0,68.0,26.0,54.0,57.0,8.0,20.0,74.0,70.0,46.0,24.0,25.0,39.0,11.0,15.0,41.0,51.0,18.0,37.0,32.0,98.0,113.0,34.0,118.0,117.0,999.0,124.0,35.0,28.0,89.0,29.0,88.0,131.0,119.0,122.0,94.0,38.0,64.0,121.0,95.0,93.0,126.0,90.0,71.0,65.0,62.0,80.0,73.0,115.0,99.0,85.0,7.0,102.0,52.0,132.0,,108.0,,,,,,,,,,,,,,,,,,,,,,,,,,,,,,,,,,,,,,,,,,,,,,,,,,,,,,,,,,,,,,,,,,,,,,,,,,,,
2017-08-03,2017,6,hilly,2,189.0,Zakopane,,120.0,,,,,,,,,,,,,,,,,,,,,67.0,8.0,,15.0,,,,,,19.0,,,84,,,,,,,,68.0,,,,,,,51.0,,27.0,999.0,,,,,,,,,,999.0,,,,48,,72.0,,999.0,,97,,,,,,14.0,,,7.0,,,2.0,,,,20.0,,,69.0,,25.0,,76.0,,,,86.0,,3.0,,,,,,,88.0,,,,,999.0,,,,,,,,,,,,32,,,,45.0,,90.0,,,,122.0,,,,,100.0,96.0,,,,,,,,,,,,,,113.0,,,,,,,,,,118.0,,127.0,,,,,106.0,,,,,,82.0,,38.0,,,91.0,126.0,,,,,57.0,,,,,,,35.0,114.0,,,112.0,,52.0,,,,,87.0,,,,,,,,,98.0,,,,,,,,,,,21.0,,,12.0,,,999.0,,36.0,,,,,,,,65.0,,,,,,,111.0,,,999.0,,,,,,,,,99.0,53.0,,101.0,,,,,119.0,,,,,,1.0,55.0,,47.0,,,83.0,999.0,43.0,,,,,,121.0,,110.0,,,,61.0,79.0,,,70.0,,,,,,23.0,,,,49.0,,,,,,,16.0,54.0,,,28.0,,,78.0,,,,105.0,102.0,,,,,,,,,,,,,,,50.0,999.0,,999.0,999.0,,,,,,,999.0,123.0,,,,,,,,,,,,,,,,64.0,73.0,125.0,999.0,999.0,,999.0,117.0,66.0,999.0,29.0,22.0,10.0,17.0,4.0,42.0,95.0,31.0,30.0,5.0,24.0,108.0,18.0,41.0,74.0,34.0,44.0,6.0,39.0,999.0,9.0,59.0,33.0,,75.0,11.0,13.0,107.0,26.0,37.0,103.0,999.0,94.0,58.0,77.0,92.0,115.0,71.0,80.0,93.0,40.0,56.0,46.0,104.0,62.0,63.0,109.0,60.0,116.0,81.0,89.0,999.0,124.0,,85.0,,,,,,,,,,,,,,,,,,,,,,,,,,,,,,,,,,,,,,,,,,,,,,,,,,,,,,,,,,,,,,,,,,,,,,,,,,,,
2017-08-04,2017,7,hilly-mf,3,132.0,Bukowina Tatrzańska,,999.0,,,,,,,,,,,,,,,,,,,,,76.0,3.0,,29.0,,,,,,24.0,,,67,,,,,,,,22.0,,,,,,,35.0,,33.0,,,,,,,,,,,,,,,48,,57.0,,,,95,,,,,,63.0,,,14.0,,,1.0,,,,18.0,,,999.0,,17.0,,61.0,,,,999.0,,25.0,,,,,,,999.0,,,,,,,,,,,,,,,,,53,,,,31.0,,999.0,,,,999.0,,,,,86.0,999.0,,,,,,,,,,,,,,999.0,,,,,,,,,,87.0,,83.0,,,,,85.0,,,,,,999.0,,79.0,,,90.0,999.0,,,,,54.0,,,,,,,16.0,999.0,,,88.0,,74.0,,,,,93.0,,,,,,,,,999.0,,,,,,,,,,,26.0,,,5.0,,,,,28.0,,,,,,,,44.0,,,,,,,94.0,,,,,,,,,,,,81.0,64.0,,999.0,,,,,999.0,,,,,,8.0,80.0,,51.0,,,999.0,,47.0,,,,,,96.0,,91.0,,,,65.0,59.0,,,75.0,,,,,,30.0,,,,50.0,,,,,,,40.0,82.0,,,20.0,,,42.0,,,,92.0,78.0,,,,,,,,,,,,,,,45.0,,,,,,,,,,,,999.0,,,,,,,,,,,,,,,,34.0,999.0,999.0,,,,,999.0,999.0,,999.0,15.0,7.0,19.0,10.0,58.0,55.0,9.0,11.0,4.0,21.0,71.0,52.0,32.0,38.0,37.0,27.0,13.0,72.0,,2.0,39.0,56.0,,62.0,6.0,12.0,69.0,23.0,60.0,999.0,,999.0,46.0,68.0,999.0,999.0,999.0,77.0,73.0,41.0,43.0,36.0,49.0,84.0,70.0,999.0,999.0,89.0,999.0,66.0,,999.0,,999.0,,,,,,,,,,,,,,,,,,,,,,,,,,,,,,,,,,,,,,,,,,,,,,,,,,,,,,,,,,,,,,,,,,,,,,,,,,,,
2018-08-04,2018,1,flat,1,134.0,Kraków,,,,,,,,,40.0,26.0,,24.0,,,,,,,,,,,118.0,,,67.0,,,,,,,,,9,,,,,,,,,,,35.0,,,,27.0,117.0,,,,,73.0,,,,,,,10.0,,,,30,,,,,45.0,37,,,,,,,,,,,,,,11.0,81.0,,,,,,,,,,,,96.0,,,,46.0,,,,,143.0,,,,,138.0,,,,145.0,,,,,,,,41,21.0,,,,,,,,,,,,,,92.0,33.0,,,,,,,70.0,,,,,,,,,,,,,,,,,14.0,,,,,,,,88.0,39.0,4.0,,,,31.0,63.0,,,,,,,,,85.0,,110.0,,48.0,56.0,,,,,,,,,,,,,100.0,,,,,,,,107.0,,,,,,,86.0,,,,,78.0,111.0,,54.0,,,,,125.0,,,61.0,,,,,,,,,,,97.0,,,,93.0,,,140.0,,,,,,,,,,,,,,84.0,,104.0,,,,,101.0,,,,121.0,,,66.0,,18.0,,,,,,139.0,134.0,,59.0,,,,,20.0,,,122.0,,,,,,,,,,,,,,,,,,,,32.0,,,,,,79.0,,,,,,,,,,,,,,,,,72.0,,,,,,,,,,,,,,,137.0,,80.0,116.0,,,,,,,,,5.0,,17.0,,,,,,12.0,,,19.0,,57.0,,,,,,64.0,,95.0,28.0,,,,,,,,,,,,,,75.0,,120.0,,,,,,,,,50.0,,,,,,89.0,115.0,,52.0,,,132.0,,,,,,1.0,2.0,3.0,6.0,7.0,8.0,13.0,15.0,16.0,22.0,23.0,25.0,29.0,34.0,36.0,38.0,42.0,43.0,44.0,47.0,49.0,51.0,53.0,55.0,58.0,60.0,62.0,65.0,68.0,69.0,71.0,74.0,76.0,77.0,82.0,83.0,87.0,90.0,91.0,94.0,98.0,99.0,102.0,103.0,105.0,106.0,108.0,109.0,112.0,113.0,114.0,119.0,123.0,124.0,126.0,127.0,128.0,129.0,130.0,131.0,133.0,135.0,136.0,141.0,142.0,144.0,146.0,147.0,148.0,149.0,150.0,151.0,152.0,153.0,154.0
2018-08-05,2018,2,flat,1,144.3,Katowice,,,,,,,,,69.0,37.0,,29.0,,,,,,,,,,,79.0,,,89.0,,,,,,,,,35,,,,,,,,,,,51.0,,,,56.0,115.0,,,,,63.0,,,,,,,136.0,,,,113,,,,,10.0,26,,,,,,,,,,,,,,14.0,38.0,,,,,,,,,,,,11.0,,,,46.0,,,,,140.0,,,,,4.0,,,,144.0,,,,,,,,54,23.0,,,,,,,,,,,,,,150.0,98.0,,,,,,,30.0,,,,,,,,,,,,,,,,,6.0,,,,,,,,22.0,20.0,3.0,,,,32.0,39.0,,,,,,,,,94.0,,107.0,,55.0,103.0,,,,,,,,,,,,,145.0,,,,,,,,120.0,,,,,,,47.0,,,,,111.0,112.0,,68.0,,,,,104.0,,,80.0,,,,,,,,,,,82.0,,,,62.0,,,15.0,,,,,,,,,,,,,,57.0,,59.0,,,,,97.0,,,,24.0,,,61.0,,28.0,,,,,,60.0,128.0,,154.0,,,,,124.0,,,106.0,,,,,,,,,,,,,,,,,,,,42.0,,,,,,70.0,,,,,,,,,,,,,,,,,43.0,,,,,,,,,,,,,,,31.0,,84.0,66.0,,,,,,,,,12.0,,19.0,,,,,,85.0,,,17.0,,36.0,,,,,,118.0,,95.0,64.0,,,,,,,,,,,,,,116.0,,114.0,,,,,,,,,45.0,,,,,,108.0,48.0,,147.0,,,151.0,,,,,,1.0,2.0,13.0,8.0,5.0,9.0,18.0,67.0,96.0,44.0,27.0,126.0,50.0,101.0,72.0,25.0,33.0,81.0,7.0,65.0,40.0,117.0,102.0,88.0,73.0,93.0,41.0,77.0,99.0,53.0,83.0,52.0,86.0,130.0,16.0,49.0,119.0,129.0,92.0,34.0,58.0,141.0,91.0,76.0,123.0,74.0,90.0,125.0,110.0,71.0,100.0,132.0,127.0,137.0,121.0,133.0,78.0,134.0,87.0,149.0,122.0,105.0,21.0,142.0,75.0,139.0,109.0,152.0,148.0,146.0,138.0,153.0,135.0,143.0,131.0
2018-08-06,2018,3,flat,1,139.0,Zabrze,,,,,,,,,69.0,38.0,,50.0,,,,,,,,,,,115.0,,,85.0,,,,,,,,,24,,,,,,,,,,,99.0,,,,25.0,122.0,,,,,39.0,,,,,,,16.0,,,,111,,,,,123.0,42,,,,,,,,,,,,,,15.0,37.0,,,,,,,,,,,,4.0,,,,119.0,,,,,148.0,,,,,28.0,,,,146.0,,,,,,,,32,27.0,,,,,,,,,,,,,,149.0,71.0,,,,,,,61.0,,,,,,,,,,,,,,,,,52.0,,,,,,,,26.0,41.0,6.0,,,,18.0,29.0,,,,,,,,,59.0,,91.0,,83.0,127.0,,,,,,,,,,,,,142.0,,,,,,,,109.0,,,,,,,106.0,,,,,141.0,140.0,,80.0,,,,,81.0,,,112.0,,,,,,,,,,,90.0,,,,114.0,,,48.0,,,,,,,,,,,,,,78.0,,137.0,,,,,60.0,,,,89.0,,,86.0,,45.0,,,,,,19.0,120.0,,139.0,,,,,22.0,,,138.0,,,,,,,,,,,,,,,,,,,,43.0,,,,,,57.0,,,,,,,,,,,,,,,,,62.0,,,,,,,,,,,,,,,70.0,,84.0,102.0,,,,,,,,,21.0,,136.0,,,,,,17.0,,,20.0,,49.0,,,,,,97.0,,107.0,40.0,,,,,,,,,,,,,,105.0,,129.0,,,,,,,,,56.0,,,,,,87.0,33.0,,31.0,,,143.0,,,,,,12.0,1.0,5.0,10.0,13.0,11.0,23.0,9.0,121.0,14.0,53.0,132.0,44.0,88.0,93.0,36.0,46.0,79.0,8.0,34.0,58.0,67.0,75.0,35.0,77.0,95.0,65.0,55.0,94.0,101.0,66.0,74.0,100.0,999.0,7.0,68.0,47.0,82.0,51.0,76.0,64.0,130.0,98.0,118.0,96.0,117.0,72.0,128.0,113.0,63.0,124.0,92.0,135.0,104.0,30.0,131.0,125.0,116.0,126.0,151.0,134.0,103.0,3.0,147.0,150.0,54.0,108.0,999.0,73.0,145.0,133.0,152.0,2.0,144.0,110.0
2018-08-07,2018,4,hilly-mf,3,179.0,Szczyrk,,,,,,,,,10.0,8.0,,16.0,,,,,,,,,,,72.0,,,89.0,,,,,,,,,73,,,,,,,,,,,15.0,,,,21.0,117.0,,,,,38.0,,,,,,,144.0,,,,36,,,,,90.0,137,,,,,,,,,,,,,,45.0,29.0,,,,,,,,,,,,105.0,,,,33.0,,,,,102.0,,,,,126.0,,,,96.0,,,,,,,,70,4.0,,,,,,,,,,,,,,136.0,125.0,,,,,,,12.0,,,,,,,,,,,,,,,,,106.0,,,,,,,,1.0,101.0,116.0,,,,22.0,43.0,,,,,,,,,108.0,,79.0,,9.0,19.0,,,,,,,,,,,,,129.0,,,,,,,,78.0,,,,,,,3.0,,,,,59.0,18.0,,2.0,,,,,32.0,,,60.0,,,,,,,,,,,27.0,,,,138.0,,,92.0,,,,,,,,,,,,,,11.0,,100.0,,,,,99.0,,,,98.0,,,24.0,,17.0,,,,,,113.0,134.0,,999.0,,,,,121.0,,,67.0,,,,,,,,,,,,,,,,,,,,48.0,,,,,,61.0,,,,,,,,,,,,,,,,,44.0,,,,,,,,,,,,,,,112.0,,81.0,63.0,,,,,,,,,114.0,,999.0,,,,,,145.0,,,7.0,,71.0,,,,,,54.0,,20.0,37.0,,,,,,,,,,,,,,91.0,,66.0,,,,,,,,,49.0,,,,,,47.0,103.0,,82.0,,,97.0,,,,,,119.0,133.0,83.0,999.0,142.0,88.0,118.0,93.0,135.0,123.0,23.0,124.0,75.0,87.0,25.0,28.0,128.0,39.0,130.0,64.0,13.0,76.0,94.0,84.0,68.0,30.0,41.0,34.0,55.0,14.0,62.0,52.0,57.0,,109.0,6.0,50.0,86.0,111.0,56.0,58.0,115.0,53.0,26.0,80.0,5.0,69.0,65.0,74.0,131.0,35.0,122.0,42.0,140.0,146.0,77.0,110.0,40.0,46.0,132.0,31.0,51.0,120.0,139.0,127.0,107.0,104.0,,141.0,95.0,143.0,999.0,148.0,147.0,85.0
2018-08-08,2018,5,hilly-mf,3,152.0,Bielsko-Biała,,,,,,,,,23.0,5.0,,19.0,,,,,,,,,,,72.0,,,108.0,,,,,,,,,93,,,,,,,,,,,17.0,,,,30.0,86.0,,,,,32.0,,,,,,,143.0,,,,70,,,,,130.0,84,,,,,,,,,,,,,,9.0,24.0,,,,,,,,,,,,138.0,,,,43.0,,,,,139.0,,,,,116.0,,,,122.0,,,,,,,,68,11.0,,,,,,,,,,,,,,112.0,110.0,,,,,,,29.0,,,,,,,,,,,,,,,,,98.0,,,,,,,,1.0,90.0,8.0,,,,12.0,28.0,,,,,,,,,80.0,,54.0,,18.0,26.0,,,,,,,,,,,,,109.0,,,,,,,,126.0,,,,,,,13.0,,,,,46.0,50.0,,2.0,,,,,36.0,,,63.0,,,,,,,,,,,41.0,,,,74.0,,,79.0,,,,,,,,,,,,,,25.0,,58.0,,,,,114.0,,,,44.0,,,48.0,,6.0,,,,,,73.0,129.0,,,,,,,115.0,,,120.0,,,,,,,,,,,,,,,,,,,,55.0,,,,,,3.0,,,,,,,,,,,,,,,,,49.0,,,,,,,,,,,,,,,85.0,,95.0,97.0,,,,,,,,,147.0,,,,,,,,134.0,,,27.0,,62.0,,,,,,53.0,,33.0,52.0,,,,,,,,,,,,,,92.0,,60.0,,,,,,,,,102.0,,,,,,40.0,136.0,,91.0,,,118.0,,,,,,4.0,127.0,37.0,,7.0,16.0,67.0,111.0,140.0,123.0,35.0,107.0,88.0,137.0,10.0,21.0,105.0,14.0,66.0,89.0,22.0,83.0,101.0,81.0,69.0,51.0,34.0,45.0,71.0,15.0,125.0,57.0,59.0,,64.0,20.0,82.0,87.0,119.0,96.0,61.0,135.0,75.0,42.0,999.0,31.0,56.0,94.0,113.0,106.0,39.0,133.0,100.0,99.0,142.0,132.0,77.0,141.0,47.0,124.0,38.0,78.0,103.0,121.0,117.0,76.0,104.0,,144.0,131.0,146.0,,145.0,128.0,65.0
2018-08-09,2018,6,hilly,2,129.0,Bukovina Resort,,,,,,,,,16.0,15.0,,14.0,,,,,,,,,,,68.0,,,999.0,,,,,,,,,77,,,,,,,,,,,1.0,,,,18.0,76.0,,,,,31.0,,,,,,,136.0,,,,25,,,,,85.0,72,,,,,,,,,,,,,,101.0,23.0,,,,,,,,,,,,67.0,,,,19.0,,,,,121.0,,,,,44.0,,,,91.0,,,,,,,,58,6.0,,,,,,,,,,,,,,114.0,88.0,,,,,,,11.0,,,,,,,,,,,,,,,,,108.0,,,,,,,,3.0,102.0,109.0,,,,27.0,32.0,,,,,,,,,87.0,,80.0,,12.0,21.0,,,,,,,,,,,,,999.0,,,,,,,,99.0,,,,,,,7.0,,,,,65.0,35.0,,5.0,,,,,49.0,,,61.0,,,,,,,,,,,89.0,,,,129.0,,,132.0,,,,,,,,,,,,,,8.0,,105.0,,,,,125.0,,,,94.0,,,33.0,,4.0,,,,,,106.0,117.0,,,,,,,112.0,,,999.0,,,,,,,,,,,,,,,,,,,,60.0,,,,,,50.0,,,,,,,,,,,,,,,,,69.0,,,,,,,,,,,,,,,100.0,,55.0,54.0,,,,,,,,,138.0,,,,,,,,999.0,,,13.0,,56.0,,,,,,26.0,,37.0,38.0,,,,,,,,,,,,,,66.0,,64.0,,,,,,,,,63.0,,,,,,62.0,134.0,,86.0,,,79.0,,,,,,115.0,124.0,52.0,,128.0,42.0,999.0,90.0,104.0,81.0,10.0,111.0,82.0,93.0,20.0,22.0,999.0,17.0,123.0,127.0,2.0,40.0,83.0,70.0,41.0,43.0,30.0,24.0,47.0,29.0,51.0,59.0,36.0,,113.0,9.0,75.0,57.0,131.0,97.0,53.0,107.0,46.0,84.0,,28.0,71.0,74.0,34.0,122.0,98.0,999.0,116.0,96.0,73.0,118.0,95.0,92.0,45.0,110.0,39.0,48.0,119.0,999.0,103.0,133.0,120.0,,130.0,126.0,137.0,,135.0,999.0,78.0
2018-08-10,2018,7,hilly-mf,3,136.0,Bukowina Tatrzańska,,,,,,,,,3.0,7.0,,15.0,,,,,,,,,,,78.0,,,,,,,,,,,,67,,,,,,,,,,,9.0,,,,13.0,999.0,,,,,48.0,,,,,,,999.0,,,,44,,,,,100.0,93,,,,,,,,,,,,,,82.0,23.0,,,,,,,,,,,,999.0,,,,91.0,,,,,999.0,,,,,999.0,,,,95.0,,,,,,,,74,24.0,,,,,,,,,,,,,,999.0,999.0,,,,,,,10.0,,,,,,,,,,,,,,,,,99.0,,,,,,,,6.0,98.0,999.0,,,,18.0,27.0,,,,,,,,,73.0,,999.0,,34.0,25.0,,,,,,,,,,,,,,,,,,,,,33.0,,,,,,,5.0,,,,,21.0,76.0,,12.0,,,,,22.0,,,59.0,,,,,,,,,,,31.0,,,,96.0,,,999.0,,,,,,,,,,,,,,29.0,,50.0,,,,,89.0,,,,77.0,,,45.0,,1.0,,,,,,999.0,999.0,,,,,,,101.0,,,,,,,,,,,,,,,,,,,,,,,72.0,,,,,,66.0,,,,,,,,,,,,,,,,,999.0,,,,,,,,,,,,,,,71.0,,79.0,58.0,,,,,,,,,999.0,,,,,,,,,,,4.0,,61.0,,,,,,17.0,,26.0,999.0,,,,,,,,,,,,,,70.0,,53.0,,,,,,,,,38.0,,,,,,56.0,62.0,,51.0,,,54.0,,,,,,105.0,999.0,999.0,,84.0,57.0,,87.0,86.0,999.0,8.0,999.0,69.0,88.0,32.0,16.0,,14.0,104.0,85.0,11.0,36.0,90.0,68.0,35.0,40.0,20.0,28.0,64.0,43.0,75.0,83.0,37.0,,999.0,2.0,39.0,47.0,107.0,102.0,55.0,60.0,108.0,41.0,,19.0,52.0,65.0,46.0,999.0,42.0,,999.0,92.0,97.0,999.0,80.0,63.0,49.0,999.0,30.0,103.0,999.0,,999.0,999.0,106.0,,999.0,94.0,999.0,,999.0,,81.0
